,SVM,RF,MLP
0,6721345.317,12488.934000000001,785677.4430000001
