,SVM,RF,MLP
0,8044365.176,15901.452000000001,1198035.3990000002
