,SVM,RF,MLP
0,4593858.086999999,12259.389000000001,581247.3280000001
