,SVM,RF,MLP
0,2830473.603,8131.849000000001,301345.91000000003
