,SVM,RF,MLP
0,3265404.319,18384.630999999998,1035171.3769999999
