,SVM,RF,MLP
0,2623412.7279999997,8386.423999999999,284629.959
