,SVM,RF,MLP
0,7770549.228,15343.375999999998,1098599.8930000002
