,SVM,RF,MLP
0,6958868.854,13255.226999999999,819401.8999999999
